year,co2,population,co2_per_capita
1960,0.271,5159059.0,0.053
1961,0.282,5239281.0,0.054
1962,0.289,5338626.0,0.054
1963,0.3,5456615.0,0.055
1964,0.337,5578261.0,0.06
1965,0.311,5704688.0,0.055
1966,0.344,5837300.0,0.059
1967,0.458,5977315.0,0.077
1968,0.506,6125860.0,0.083
1969,0.572,6283470.0,0.091
1970,0.637,6449795.0,0.099
1971,0.809,6624415.0,0.122
1972,0.86,6806873.0,0.126
1973,0.897,6996661.0,0.128
1974,0.974,7193589.0,0.135
1975,1.161,7397126.0,0.157
1976,1.089,7597962.0,0.143
1977,1.559,7796510.0,0.2
1978,1.993,8011917.0,0.249
1979,1.815,8239642.0,0.22
1980,3.886,8512217.0,0.457
1981,5.319,8816377.0,0.603
1982,6.316,9028676.0,0.7
1983,6.554,9215395.0,0.711
1984,6.053,9475085.0,0.639
1985,6.471,9761728.0,0.663
1986,1.993,10060342.0,0.198
1987,1.843,10370753.0,0.178
1988,2.154,10684972.0,0.202
1989,7.578,11002749.0,0.689
1990,2.605,11331827.0,0.23
1991,2.668,11667186.0,0.229
1992,2.712,12006362.0,0.226
1993,2.866,12353131.0,0.232
1994,4.88,12704900.0,0.384
1995,5.375,13058517.0,0.412
1996,5.975,13414761.0,0.445
1997,5.379,13775216.0,0.39
1998,5.373,14144857.0,0.38
1999,5.219,14525145.0,0.359
2000,5.589,14912632.0,0.375
2001,5.562,15309489.0,0.363
2002,5.351,15725534.0,0.34
2003,5.705,16160340.0,0.353
2004,5.698,16610485.0,0.343
2005,5.424,17074599.0,0.318
2006,5.486,17550403.0,0.313
2007,7.409,18049897.0,0.41
2008,7.321,18574052.0,0.394
2009,8.555,19113978.0,0.448
2010,8.383,19668063.0,0.426
2011,8.105,20232312.0,0.401
2012,7.607,20809530.0,0.366
2013,7.853,21402379.0,0.367
2014,8.775,22059894.0,0.398
2015,9.85,22763418.0,0.433
2016,9.965,23454165.0,0.425
2017,9.582,24128609.0,0.397
2018,9.844,24806377.0,0.397
2019,9.605,25506095.0,0.377
2020,9.716,26210566.0,0.371
2021,9.734,26915765.0,0.362
2022,9.792,27632770.0,0.354
2023,9.695,28372690.0,0.342
2024,9.632,29123748.0,0.331
